palabra,puntuacion,word
culpa,-2,blame
culpar,-2,blames
aborda,1,aboard
abordo,1,aboard
abandona,-2,abandons
abandonada,-2,abandoned
abandonado,-2,abandoned
abandonar,-2,abandon
abatida,-2,dejected
abatida,-3,despondent
abatido,-2,dejected
abatido,-3,despondent
aborrece,-3,abhors
aborrecer,-3,abhor
aborrecible,-3,abhorrent
aborrecida,-3,abhorred
aborrecido,-3,abhorred
abraza,2,hug
abrazo,2,hug
abrazos,2,hugs
abriga,2,cherishes
absolver,2,absolve
absolver,2,acquit
absolvienda,2,absolving
absolvienda,2,acquitting
absolviendo,2,absolving
absolviendo,2,acquitting
absorbida,1,absorbed
absorbido,1,absorbed
absorta,1,engrossed
absorto,1,engrossed
absueltas,2,absolved
absueltos,2,absolved
absuelve,2,absolves
absuelve,2,acquits
aburrida,-2,bored
aburrida,-3,boring
aburrida,-2,dull
aburrido,-2,bored
aburrido,-3,boring
aburrido,-2,dull
aburrir,-2,bore
abusa,-3,abuse
abusada,-3,abused
abusado,-3,abused
abusiva,-3,abusive
abusivo,-3,abusive
abuso,-3,abuse
abusos,-3,abuses
acaparador,-2,profiteer
acaparamienta,-2,monopolizing
acaparamiento,-2,monopolizing
accidental,-2,accidental
accidentalmente,-2,accidentally
accidente,-2,accident
accidentes,-2,accidents
acecha,-1,lurks
acechanda,-1,lurking
acechando,-1,lurking
acepta,1,accepts
aceptada,1,accepted
aceptada,-1,admitted
aceptado,1,accepted
aceptado,-1,admitted
aceptar,1,accept
aceptar,1,accepting
aclamaciones,2,cheers
aclara,2,clarifies
acosa,-2,bullying
acosada,-2,bullied
acosada,-2,harried
acosado,-2,bullied
acosado,-2,harried
acoso,-2,bullying
activa,1,active
activa,2,asset
activo,1,active
activo,2,asset
acuchillada,-2,stabbed
acuchillado,-2,stabbed
acuerda,1,agreement
acuerda,1,agree
acuerdo,1,agreement
acuerdo,1,agree
acusa,-2,accuses
acusación,-2,accusation
acusaciones,-2,accusations
acusada,-2,accused
acusado,-2,accused
acusanda,-2,accusing
acusando,-2,accusing
acusar,-2,accuse
adecuada,1,adequate
adecuado,1,adequate
admira,3,admires
admirar,3,admire
admirativa,3,admiring
admirativo,3,admiring
admite,-1,admits
admitir,-1,admit
adoctrina,-2,indoctrinates
adoctrinadas,-2,indoctrinated
adoctrinados,-2,indoctrinated
adoctrinar,-2,indoctrinate
adoctrinar,-2,indoctrinating
adopta,1,adopts
adoptar,1,embrace
adoptar,1,adopt
adora,3,adores
adorable,3,adorable
adorada,3,adored
adorada,3,worshiped
adorado,3,adored
adorado,3,worshiped
adorar,3,adore
advertencia,-3,warning
advertencias,-3,warnings
advertir,-2,warn
advierte,-2,warns
afable,2,suave
afecta,3,affection
afectada,-1,affected
afectado,-1,affected
afecto,3,affection
aficionada,2,fond
aficionado,2,fond
afilada,1,keen
afilado,1,keen
afirmativamente,2,positively
afligida,-1,afflicted
afligida,-2,bereaved
afligida,-2,distressed
afligida,-2,stricken
afligido,-1,afflicted
afligido,-2,bereaved
afligido,-2,distressed
afligido,-2,stricken
afortunada,2,fortunate
afortunado,2,fortunate
afrentada,-1,affronted
afrentado,-1,affronted
agobiada,-2,burdened
agobiado,-2,burdened
agoniza,-3,agonises
agoniza,-3,agonizes
agonizada,-3,agonised
agonizada,-3,agonized
agonizado,-3,agonised
agonizado,-3,agonized
agonizante,-3,agonising
agonizante,-3,agonizing
agonizar,-3,agonise
agonizar,-3,agonize
agotada,-2,drained
agotada,-2,exhausted
agotado,-2,drained
agotado,-2,exhausted
agradable,2,agreeable
agradable,3,pleasant
agradecida,3,grateful
agradecida,2,thankful
agradecido,3,grateful
agradecido,2,thankful
agrava,-2,aggravates
agravada,-2,aggravated
agravado,-2,aggravated
agravante,-2,aggravating
agravar,-2,aggravate
agresión,-2,aggression
agresiones,-2,aggressions
agresiva,-2,aggressive
agresivo,-2,aggressive
agresor,-1,attacking
aguante,2,stamina
ahoga,-2,drowns
ahoga,-2,choke
ahogar,-2,drown
ahogo,-2,choke
ahogue,-2,drowned
airada,-3,irate
airado,-3,irate
aislada,-1,isolated
aislado,-1,isolated
ajuste,1,fit
alabada,3,praised
alabado,3,praised
alabanda,3,praising
alabando,3,praising
alabanza,3,praise
alabanzas,3,praises
alarma,-2,alarm
alarmada,-2,alarmed
alarmado,-2,alarmed
alarmista,-2,alarmist
alarmistas,-2,alarmists
alborota,-2,riot
alboroto,-2,riot
alcances,1,reaches
alcanzada,1,reached
alcanzado,1,reached
alcanzar,1,reach
aleccionadora,1,sobering
alegrarse,4,rejoice
alegre,2,blithe
alegre,2,cheerful
alegre,3,cheery
alegre,2,convivial
alegre,3,glad
alegre,2,jaunty
alegre,2,jolly
alegre,3,joyful
alegre,1,lighthearted
alegre,3,merry
alegre,3,mirthful
alegremente,3,joyfully
alegría,3,glee
alegría,3,joy
alegría,3,mirth
alegría,4,rejoicing
alentada,2,encouraged
alentado,2,encouraged
alentar,2,encourage
alérgica,-2,allergic
alérgico,-2,allergic
alerta,-1,alert
alguna,0,some kind
alguno,0,some kind
alicaída,-2,downcast
alicaído,-2,downcast
alienación,-2,alienation
alienta,2,encourages
alivia,2,relieving
aliviada,2,relieved
aliviada,3,soothed
aliviado,2,relieved
aliviado,3,soothed
aliviar,1,relieve
alivio,2,relieving
amable,3,lovable
amada,3,beloved
amada,3,loved
amado,3,beloved
amado,3,loved
amarga,-2,bitter
amargada,-2,embittered
amargado,-2,embittered
amargamente,-2,bitterly
amargo,-2,bitter
ambiciosa,2,ambitious
ambicioso,2,ambitious
ambivalente,-1,ambivalent
amenaza,-2,menace
amenaza,-2,threat
amenaza,-2,threatens
amenazada,-2,menaced
amenazadas,-2,threatened
amenazado,-2,menaced
amenazados,-2,threatened
amenazante,-2,threatening
amenazar,-2,threaten
amenazas,-2,threats
amistosa,2,friendly
amistoso,2,friendly
amonestada,-2,admonished
amonestado,-2,admonished
amonestar,-2,admonish
amontonar,-1,pileup
amor,3,love
amordazada,-2,gagged
amordazado,-2,gagged
amorosa,2,loving
amoroso,2,loving
ampliar,1,extend
analfabetisma,-2,illiteracy
analfabetismo,-2,illiteracy
angers,-3,angers
angustia,-3,anguish
angustia,-2,distress
angustiada,-3,anguished
angustiado,-3,anguished
angustias,-2,distresses
angustiosa,-2,distressing
angustiosa,-3,heartbreaking
angustioso,-2,distressing
angustioso,-3,heartbreaking
anhela,1,yearning
anhelo,1,yearning
ánima,2,encouragement
animada,2,cheered
animada,2,lively
animada,2,sprightly
animado,2,cheered
animado,2,lively
animado,2,sprightly
animar,2,cheer
ánimo,2,encouragement
animosidad,-2,animosity
ansia,-1,longing
ansiedad,-2,anxiety
ansiosa,-2,anxious
ansiosa,2,eager
ansioso,-2,anxious
ansioso,2,eager
antagonista,-2,antagonistic
anti,-1,anti
anticipación,1,anticipation
apaciguada,2,appeased
apaciguado,2,appeased
apaciguamienta,2,appeasing
apaciguamiento,2,appeasing
apaciguar,2,appease
apareja,-1,rig
aparejada,-1,rigged
aparejado,-1,rigged
aparejo,-1,rig
apasionada,2,passionate
apasionado,2,passionate
apatía,-3,apathy
apática,-3,apathetic
apático,-3,apathetic
apenada,-2,grieved
apenado,-2,grieved
apeshit,-3,apeshit
aplaca,2,appeases
aplasta,-1,crushes
aplastada,-2,crushed
aplastante,-1,crushing
aplastar,-1,crush
aplaude,2,applauds
aplaudida,2,applauded
aplaudienda,2,applauding
aplaudiendo,2,applauding
aplaudir,2,applaud
aplausos,2,applause
aplausos,2,cheering
aplazar,-1,defer
apocalíptica,-2,apocalyptic
apocalíptico,-2,apocalyptic
apoya,2,backing
apoya,2,support
apoya,2,supportive
apoyo,2,backing
apoyo,2,support
apoyo,2,supportive
aprecia,2,appreciates
apreciación,2,appreciation
apreciada,2,appreciated
apreciada,-2,unappreciated
apreciado,2,appreciated
apreciado,-2,unappreciated
aprecianda,2,appreciating
aprecianda,2,cherishing
apreciando,2,appreciating
apreciando,2,cherishing
apreciar,2,appreciate
apreciar,2,cherish
aprensiva,-2,apprehensive
aprensivo,-2,apprehensive
aprobación,2,approval
aprobación,2,endorsement
aprobada,2,approved
aprobado,2,approved
aprueba,2,approves
aptitud,1,fitness
ardiente,1,ardent
arrastra,-1,drags
arrastrada,-1,dragged
arrastrado,-1,dragged
arrastrar,-1,drag
arreglada,-1,made-up
arreglado,-1,made-up
arrepentida,-2,regretful
arrepentido,-2,regretful
arrepentimientos,-2,regrets
arrestar,-2,arrest
arrinconada,-2,cornered
arrinconado,-2,cornered
arrogante,-2,arrogant
arruinada,-3,bankrupt
arruinada,-2,ruined
arruinado,-3,bankrupt
arruinado,-2,ruined
arruinanda,-2,ruining
arruinando,-2,ruining
asca,-3,disgust
asco,-3,disgust
asegura,2,secures
asegurada,2,secured
asegurado,2,secured
aseguranda,1,ensuring
asegurando,1,ensuring
asegurar,1,ensure
asesina,-2,murderer
asesina,-3,murderous
asesinata,-3,assassination
asesinata,-3,killing
asesinata,-2,murder
asesinata,-3,murdering
asesinato,-3,assassination
asesinato,-3,killing
asesinato,-2,murder
asesinato,-3,murdering
asesinatos,-3,assassinations
asesinatos,-2,murders
asesino,-2,murderer
asesino,-3,murderous
asfixia,-2,choking
asombra,3,astounds
asombra,2,amaze
asombrada,2,amazed
asombrada,2,astonished
asombrada,3,astounded
asombrado,2,amazed
asombrado,2,astonished
asombrado,3,astounded
asombrar,3,astound
asombro,2,amaze
asombrosa,4,amazing
asombrosa,3,astounding
asombrosa,5,breathtaking
asombroso,4,amazing
asombroso,3,astounding
asombroso,5,breathtaking
asquerosa,-3,disgusting
asquerosa,-3,nasty
asquerosa,-2,yucky
asqueroso,-3,disgusting
asqueroso,-3,nasty
asqueroso,-2,yucky
assfucking,-4,assfucking
astucia,-2,trickery
astuta,-2,dodgy
astuto,-2,dodgy
asuntos,1,matters
asustada,-2,afraid
asustada,-2,frightened
asustada,-2,scared
asustadiza,-1,jumpy
asustadizo,-1,jumpy
asustado,-2,afraid
asustado,-2,frightened
asustado,-2,scared
atacada,-1,attacked
atacado,-1,attacked
ataque,-1,attack
ataques,-1,attacks
atascada,-2,stuck
atascado,-2,stuck
aterrada,-2,appalled
aterrado,-2,appalled
aterrador,-3,frightening
aterroriza,-3,terrorizes
aterrorizada,-3,terrified
aterrorizada,-3,terrorized
aterrorizado,-3,terrified
aterrorizado,-3,terrorized
aterrorizar,-3,terrorize
atornillada,-2,screwed
atornillado,-2,screwed
atracción,2,attraction
atracciones,2,attractions
atractiva,3,glamorous
atractiva,1,inviting
atractivo,3,glamorous
atractivo,1,inviting
atrae,1,attracts
atraer,1,attract
atraída,1,attracted
atraído,1,attracted
atrapada,-2,trapped
atrapado,-2,trapped
atrayenda,2,attracting
atrayendo,2,attracting
atrevida,2,daring
atrevido,2,daring
atropella,-3,outrage
atropello,-3,outrage
aturdida,-2,stunned
aturdido,-2,stunned
audaz,3,audacious
audaz,2,fearless
aumenta,1,boosts
aumentada,1,increased
aumentado,1,increased
aumentar,1,boost
ausencia,-2,lack
ausente,-1,absentee
ausentes,-1,absentees
autoengañada,-2,self-deluded
autor,-2,perpetrator
autores,-2,perpetrators
autoridad,1,authority
avanzada,1,advanced
avanzado,1,advanced
avecina,-1,looming
aventuras,2,adventure
aventuras,2,adventures
aventurera,2,adventurous
aventurero,2,adventurous
avergonzada,-2,ashamed
avergonzado,-2,ashamed
avergonzar,-2,embarrass
aversión,-3,loathing
ávida,2,avid
ávido,2,avid
axed,-1,axed
ay,-1,alas
ayuda,2,help
ayuda,2,helps
bamboozles,-2,bamboozles
bancadas,-2,thwarts
bankster,-3,bankster
cuchillada,-2,slash
barras,-2,slashes
barrera,-2,barrier
bastarda,-5,bastard
bastardas,-5,bastards
bastardo,-5,bastard
bastardos,-5,bastards
batalla,-1,battle
batallas,-1,battles
beatífica,3,beatific
beatífico,3,beatific
bellezas,3,beauties
bendecir,2,bless
bendice,2,blesses
bendición,3,blessing
bendición,4,godsend
beneficia,2,benefit
beneficiada,2,benefitted
beneficiado,2,benefitted
beneficianda,2,benefitting
beneficiando,2,benefitting
beneficio,2,benefit
beneficios,2,benefits
bereaves,-2,bereaves
bereaving,-2,bereaving
besa,2,kiss
beso,2,kiss
bien,2,fine
bienes,2,assets
bienvenida,2,welcomed
bienvenida,2,welcomes
bienvenida,2,welcome
bienvenido,2,welcome
bloquea,-1,blocking
bloquear,-1,block
bloqueo,-1,blocking
bloques,-1,blocks
boicoteada,-2,boycotted
boicoteado,-2,boycotted
boicoteanda,-2,boycotting
boicoteando,-2,boycotting
boicotear,-2,boycott
boicots,-2,boycotts
bomba,-1,bomb
bondad,3,goodness
bonita,1,pretty
bonita,3,nice
bonito,3,nice
borra,1,clears
borracha,-2,drunk
borracho,-2,drunk
borrosa,-2,blurry
borroso,-2,blurry
boyante,2,buoyant
brilla,1,brightness
brillante,1,bright
brillante,4,brilliant
brillar,3,sparkle
brillo,1,brightness
broma,2,joke
bruta,-2,gross
bruto,-2,gross
buena,3,good
bueno,3,good
buque insignia,2,flagship
bureada,-2,tricked
bureado,-2,tricked
burla,-2,derision
burla,-2,mocks
burla,-2,mock
burlada,-2,mocked
burlado,-2,mocked
burlón,-2,mocking
burra,-4,jackass
burro,-4,jackass
cabezas de turca,-2,scapegoats
cabezas de turco,-2,scapegoats
cabildea,-2,lobbying
cabildeo,-2,lobbying
cabizbaja,-2,crestfallen
cabizbajo,-2,crestfallen
cabron,-4,fucker
cabrón,-3,dumbass
cadáver,-1,corpse
cagada,-3,screwed up
cagado,-3,screwed up
caída,-2,droopy
caída,-2,fallen
caído,-2,droopy
caído,-2,fallen
desgraciado,-2,disgraced
desgraciada,-2,disgraced
calambre,-1,cramp
calentar,1,warm
calma,2,calm
calma,2,calms
calmada,2,calmed
calmado,2,calmed
calmante,2,calming
calmante,3,soothing
calmar,3,soothe
calor,2,warmth
cancela,-1,cancels
cancelada,-1,cancelled
cancelada,-1,cancelling
cancelado,-1,cancelled
cancelado,-1,cancelling
cancelar,-1,cancel
cáncer,-1,cancer
candidez,-2,gullibility
cansada,-2,tired
cansada,-2,weary
cansado,-2,tired
cansado,-2,weary
caos,-2,chaos
caótica,-2,chaotic
caótico,-2,chaotic
capacidad,2,ability
capaz,1,capable
caprichosa,1,whimsical
caprichoso,1,whimsical
carcajadas,-2,screams
carga,-2,burden
cargada,-3,charged
cargado,-3,charged
cargas,-2,burdens
cargos,-2,charges
cariña,2,fondness
cariño,2,fondness
cariñosa,3,affectionate
cariñoso,3,affectionate
caso omisa,-2,disregarding
caso omiso,-2,disregarding
castiga,-3,chastises
castiga,-2,punishes
castigada,-3,chastised
castigada,-2,punished
castigado,-3,chastised
castigado,-2,punished
castigadora,-3,chastising
castigar,-3,chastise
castigar,-2,punish
catástrofe,-3,catastrophe
catastrófica,-4,catastrophic
catastrófico,-4,catastrophic
cautelosa,-1,cautious
cauteloso,-1,cautious
cautivada,3,captivated
cautivado,3,captivated
cautivar,3,enthral
celebra,3,celebrates
celebrada,3,celebrated
celebrado,3,celebrated
celebranda,3,celebrating
celebrando,3,celebrating
celebrar,3,celebrate
celestial,4,heavenly
celos,-1,envying
celosa,-2,jealous
celosa,2,zealous
celoso,-2,jealous
celoso,2,zealous
censores,-2,censors
censurada,-2,censored
censurado,-2,censored
censurar,-2,censor
ceñuda,-1,frowning
ceñudo,-1,frowning
cernía,-1,loomed
cerveza negra,2,stout
chagrined,-2,chagrined
chiflado por,2,infatuated
chispa,1,spark
chistes,2,jokes
chistosa,2,humourous
chistoso,2,humourous
chivo expiatoria,-2,scapegoat
chivo expiatorio,-2,scapegoat
chocante,-2,shocking
chocar,-1,collide
choque,-2,clash
choque,-2,crash
choque,-2,shock
choques,-2,shocks
chupa,-3,sucks
chupar,-3,suck
ciega,-1,blind
ciego,-1,blind
ciela,2,heaven
cielo,2,heaven
cierta,1,certain
cierta,2,true
cierto,1,certain
cierto,2,true
cínica,-2,cynic
cínica,-2,cynical
cínico,-2,cynic
cínico,-2,cynical
cinisma,-2,cynicism
cinismo,-2,cynicism
clara,1,clear
claramente,1,clearly
claridad,2,clarity
claro,1,clear
coaccionada,-2,coerced
coaccionado,-2,coerced
cobarde,-2,coward
cobardemente,-2,cowardly
cobrar,-2,cashing in
cocksuckers,-5,cocksuckers
codicia,-3,greed
codiciosa,-2,greedy
codicioso,-2,greedy
coja,-2,lame
cojo,-2,lame
colapsa,-2,collapse
colapsa,-2,collapsing
colapsada,-2,collapsed
colapsado,-2,collapsed
colapso,-2,collapse
colapso,-2,collapsing
colapsos,-2,collapses
colérica,-3,wrathful
colérico,-3,wrathful
colisión,-2,collision
colisiona,-1,collides
colisionanda,-1,colliding
colisionando,-1,colliding
colisiones,-2,collisions
colusión,-3,colluding
combate,-1,combat
combates,-1,combats
comedia,1,comedy
cometer,1,commit
cómoda,2,comfortable
comodidad,2,comfort
comodidad,2,coziness
comodidades,2,comforts
cómodo,2,comfortable
compadecimos,-1,pitied
comparte,1,shares
compartida,1,shared
compartido,1,shared
compartir,1,share
compasiva,2,compassionate
compasivo,2,compassionate
competente,2,competent
competitiva,2,competitive
competitivo,2,competitive
complacencia,2,willingness
compromete,1,commits
comprometida,1,committed
comprometido,1,committed
comprometiéndose,1,committing
compromisa,2,commitment
compromiso,2,commitment
con toda tranquilidad,2,peacefully
conceder,1,grant
concedida,1,granted
concedido,1,granted
concesión,1,granting
concilia,2,conciliates
conciliada,2,conciliated
conciliado,2,conciliated
concilianda,2,conciliating
conciliando,2,conciliating
conciliar,2,conciliate
condena,-2,condemns
condenación,-2,condemnation
condenada,-2,condemned
condenada,-2,doomed
condenada,-2,sentenced
condenado,-2,condemned
condenado,-2,doomed
condenado,-2,sentenced
condenar,-2,condemn
condenar,-2,doom
confiable,2,trusted
confiada,2,entrusted
confiada,2,reliant
confiado,2,entrusted
confiado,2,reliant
confianza,2,confidence
confianza,1,trust
confidente,2,confident
conflicta,-2,conflict
conflictiva,-2,conflictive
conflicto,-2,conflict
conflictos,-2,conflicts
confundir,-2,confuse
confundir,-2,mistaking
confusa,-2,confused
confusa,-2,confusing
confuso,-2,confused
confuso,-2,confusing
conmocionada,-2,shocked
conmocionado,-2,shocked
consentimienta,2,consent
consentimiento,2,consent
consentimientos,2,consents
consolable,2,consolable
consolador,2,comforting
conspiración,-3,conspiracy
consternadas,-2,dismayed
consternados,-2,dismayed
constreñida,-2,constrained
constreñido,-2,constrained
consumada,2,accomplished
consumado,2,accomplished
contagia,-2,contagion
contagio,-2,contagion
contagios,-2,contagions
contagiosa,-1,contagious
contagioso,-1,contagious
contamina,-2,polluter
contamina,-2,pollutes
contaminada,-2,polluted
contaminado,-2,polluted
contaminadores,-2,polluters
contaminar,-2,pollute
contenciosa,-2,contentious
contencioso,-2,contentious
contender,-1,contend
contendienda,-1,contending
contendiendo,-1,contending
contendiente,-1,contender
contenta,3,happy
contento,3,happy
contestable,-2,contestable
contradictoria,-2,conflicting
contradictorio,-2,conflicting
contratar,1,engage
convence,1,convinces
convencer,1,convince
convencida,1,convinced
convencida,-1,unconvinced
convencido,1,convinced
convencido,-1,unconvinced
convenida,1,agreed
convenido,1,agreed
coña,-5,cunt
coña,-5,twat
coño,-5,cunt
coño,-5,twat
corazón pesada,-2,heavyhearted
corazón pesado,-2,heavyhearted
correo no deseada,-2,spam
correo no deseado,-2,spam
cortar,-1,cut
corte,-1,cutting
cortejar,3,woo
cortés,2,courteous
cortés,3,gracious
cortesía,2,courtesy
cosas interesantes,3,cool stuff
costosa,-2,costly
costoso,-2,costly
creativa,2,creative
creativo,2,creative
creciente,1,growing
crecimienta,2,growth
crecimiento,2,growth
crédula,-2,gullible
crédulo,-2,gullible
crimen,-3,crime
criminal,-3,criminal
criminales,-3,criminals
crisis,-3,crisis
critica,-2,criticizes
crítica,-2,criticism
crítica,-2,critic
criticada,-2,criticized
criticado,-2,criticized
criticar,-2,criticize
criticar,-2,criticizing
crítico,-2,critic
críticos,-2,critics
cruel,-3,cruel
crueldad,-3,cruelty
cubrir,-3,cover-up
cuchara,3,scoop
cuchillada,-2,slashing
cuestionable,-2,questionable
cuestionada,-2,disputed
cuestionada,-1,questioned
cuestionado,-2,disputed
cuestionado,-1,questioned
cuidada,2,care
cuidadas,2,cares
cuidado,2,care
cuidados,2,cares
cuidadosa,2,careful
cuidadosamente,2,carefully
cuidadoso,2,careful
cula,-4,ass
culo,-4,ass
culpa,-3,guilt
culpable,-3,guilty
culpada,-2,blamed
culpanda,-2,blaming
culpando,-2,blaming
cumple,2,fulfills
cumplida,2,fulfilled
cumplido,2,fulfilled
cumplir,2,fulfill
curiosa,1,curious
curiosa,-2,nosey
curioso,1,curious
curioso,-2,nosey
daña,-2,harm
daña,-2,hurting
dañar,-3,damage
daño,-2,harm
daño,-2,hurting
daños,-2,harms
daños y perjuicios,-3,damages
de buen tona,3,classy
de buen tono,3,classy
de mierda,-3,shitty
de poco mérito,-2,undeserving
débil,-2,feeble
débiles,-2,weak
debilidad,-2,weakness
debilitante,-2,wasting
decepción,-2,disappointment
decepciona,-2,disappoints
decepcionada,-2,disappointed
decepcionado,-2,disappointed
decepcionante,-2,disappointing
decepcionar,-2,disappoint
decepciones,-2,disappointments
decir ah,2,ha
decisiva,1,decisive
decisivo,1,decisive
dedicada,2,dedicated
dedicado,2,dedicated
defecta,-3,defect
defecta,-2,failing
defecto,-3,defect
defecto,-2,failing
defectos,-3,defects
defensor,2,defender
defensores,2,defenders
déficit,-2,deficit
defraudador,-4,fraudster
defraudadores,-4,fraudsters
degrada,-2,degrades
degradada,-2,degraded
degradado,-2,degraded
degradar,-2,degrade
dejar,-1,leave
dejecting,-2,dejecting
dejects,-2,dejects
delanteros,-2,strikers
deleitanda,3,delighting
deleitando,3,delighting
deleite,3,delight
delicada,-3,killed
delicado,-3,killed
delicias,3,delights
delincuente,-2,offender
delita,-3,felony
delito,-3,felony
delitos,-3,felonies
demanda,-1,demand
demanda judicial,-2,lawsuit
demandar,-2,suing
demandas,-1,demands
demandas,-2,lawsuits
demostración,-1,demonstration
denuncia,-2,denounces
denunciar,-2,denounce
deprimente,-2,depressing
deprimida,-2,depressed
deprimido,-2,depressed
derecha,1,straight
derecho,1,straight
deriding,-2,deriding
derrotada,-2,defeated
derrotado,-2,defeated
desacreditada,-2,discredited
desafiante,-1,defiant
desagradable,-3,obnoxious
desairada,-2,snubbed
desairado,-2,snubbed
desaire,-2,snub
desaires,-2,snubs
desaloja,-1,eviction
desalojo,-1,eviction
desanimada,-2,discouraged
desanimada,-2,downhearted
desanimado,-2,discouraged
desanimado,-2,downhearted
desaparece,-1,disappears
desaparecer,-1,disappear
desaparecida,-1,disappeared
desaparecida,-2,missing
desaparecido,-1,disappeared
desaparecido,-2,missing
desasosiega,-2,disquiet
desasosiego,-2,disquiet
desastre,-2,disaster
desastres,-2,disasters
desastrosa,-3,disastrous
desastroso,-3,disastrous
desatiende,-2,disregards
descalificada,-2,disqualified
descalificado,-2,disqualified
descarrila,-2,derails
descarrilada,-2,derailed
descarrilado,-2,derailed
descartada,-1,discarded
descartado,-1,discarded
descarte,-1,discard
descarte,-1,discarding
descartes,-1,discards
desconcertada,-2,embarrassed
desconcertado,-2,embarrassed
desconectada,-1,offline
desconectado,-1,offline
desconfiada,-3,distrustful
desconfiado,-3,distrustful
desconfianza,-3,distrust
desconsiderada,-2,inconsiderate
desconsiderada,-2,thoughtless
desconsiderado,-2,inconsiderate
desconsiderado,-2,thoughtless
desconsolada,-2,disconsolate
desconsolada,-2,woebegone
desconsolado,-2,disconsolate
desconsolado,-2,woebegone
desconsuela,-2,disconsolation
desconsuelo,-2,disconsolation
descontenta,-2,discontented
descontento,-2,discontented
descorazonada,-2,disheartened
descorazonado,-2,disheartened
descuenta,-1,discounted
descuento,-1,discounted
descuida,-2,neglecting
descuidada,-2,careless
descuidada,-2,neglected
descuidado,-2,careless
descuidado,-2,neglected
descuido,-2,neglecting
desdén,-2,disdain
desdén,-2,scorn
desdeñosa,-2,contemptuous
desdeñosa,-2,scornful
desdeñosamente,-2,contemptuously
desdeñoso,-2,contemptuous
desdeñoso,-2,scornful
desea,1,desire
desea,1,wish
deseable,2,desirable
deseada,2,desired
deseado,2,desired
deseanda,1,wishing
deseando,1,wishing
desemplea,-2,unemployment
desempleo,-2,unemployment
desenfocada,-2,unfocused
desenfocado,-2,unfocused
deseo,1,desire
deseo,1,wish
deseos,1,wishes
deseosa,2,desirous
deseoso,2,desirous
desesperación,-3,despair
desesperación,-2,hopelessness
desesperaciones,-3,despairs
desesperada,-3,despairing
desesperada,-3,desperate
desesperadamente,-3,desperately
desesperado,-3,despairing
desesperado,-3,desperate
desestimación,-1,underestimating
desestructurada,-2,disorganized
desestructurado,-2,disorganized
desfases,-2,lags
desgracia,-2,disgrace
deshecha,-1,dumps
deshecho,-1,dumps
deshonesta,-2,dishonest
deshonesto,-2,dishonest
deshumaniza,-2,dehumanizes
deshumanizada,-2,dehumanized
deshumanizado,-2,dehumanized
deshumanizante,-2,dehumanizing
deshumanizar,-2,dehumanize
desigual,-1,unequal
desilusionada,-2,disillusioned
desilusionado,-2,disillusioned
desinformación,-2,misinformation
desmoralizada,-2,demoralized
desmoralizado,-2,demoralized
desmotivada,-2,unmotivated
desmotivado,-2,unmotivated
desorientada,-2,disoriented
desorientado,-2,disoriented
despectiva,-2,disparaging
despectivo,-2,disparaging
despedida,-2,fired
despedido,-2,fired
despejada,1,cleared
despejado,1,cleared
desperdicios,-2,refuse
despistadas,-2,clueless
despistados,-2,clueless
despotricar,-3,rant
desprecia,-2,contempt
desprecio,-2,contempt
despreocupada,1,carefree
despreocupada,-2,unconcerned
despreocupado,1,carefree
despreocupado,-2,unconcerned
destellos,3,sparkles
desterrar,-1,banish
destrozada,-2,shattered
destrucción,-3,destruction
destructiva,-3,destructive
destructivo,-3,destructive
destruida,-3,destroyed
destruido,-3,destroyed
destruir,-3,destroy
destruye,-3,destroys
destruyenda,-3,destroying
destruyendo,-3,destroying
desventaja,-2,disadvantage
desventaja,-2,downside
desventurada,-2,hapless
desventurado,-2,hapless
detención,-2,detention
detenciones,-2,arrests
detener,-2,detain
detener,-1,stop
detenida,-3,arrested
detenida,-2,detained
detenida,-1,stopped
detenido,-3,arrested
detenido,-2,detained
detenido,-1,stopped
determinada,2,determined
determinado,2,determined
detestada,-3,loathed
detestado,-3,loathed
detestar,-3,loathe
deuda,-2,debt
devastada,-2,devastated
devastado,-2,devastated
devastador,-2,devastating
devastar,-2,devastate
devota,3,devoted
devoto,3,devoted
diamante,1,diamond
difamatoria,-2,libelous
difamatorio,-2,libelous
difícil,-1,difficult
difícil,-1,hard
difícil,-2,uneasy
difirienda,-1,deferring
difiriendo,-1,deferring
digna,2,worthy
digno,2,worthy
dilema,-1,dilemma
dios,1,god
dipshit,-3,dipshit
dirección correcta,3,right direction
discordia,-2,discord
disculpa,-1,apology
disculpanda,-1,apologising
disculpanda,-1,apologizing
disculpando,-1,apologising
disculpando,-1,apologizing
disculpar,-1,apologise
disculpar,-1,apologize
disculpar,-1,apologises
disculpar,-1,apologizes
disculpó,-1,apologised
disculpó,-1,apologized
disfraces,-1,disguises
disfraz,-1,disguise
disfrazada,-1,disguised
disfrazada,-1,disguising
disfrazado,-1,disguised
disfrazado,-1,disguising
disfruta,2,enjoys
disfrutanda,2,enjoying
disfrutando,2,enjoying
disfrutar,2,enjoy
disfunción,-2,dysfunction
disgusta,-2,chagrin
disgusta,-2,dislike
disgustada,-3,disgusted
disgustada,-2,displeased
disgustado,-3,disgusted
disgustado,-2,displeased
disgusto,-2,chagrin
disgusto,-2,dislike
disinclined,-2,disinclined
dispara,-2,firing
disparar,-1,shoot
disparates,-2,nonsense
disparo,-2,firing
disputa,-2,dispute
disputanda,-2,disputing
disputando,-2,disputing
disputas,-2,disputes
disrespected,-2,disrespected
disruptiva,-2,disruptive
disruptivo,-2,disruptive
distorsiona,-2,distorts
distorsionada,-2,distorted
distorsionado,-2,distorted
distorsionar,-2,distort
distorsionista,-2,distorting
distracción,-2,distraction
distrae,-2,distracts
distraer,-2,distract
distraída,-2,distracted
distraído,-2,distracted
disturbios,-2,riots
diversión,3,amusement
diversiones,3,amusements
divertida,3,amused
divertida,4,fun
divertidísima,2,hilarious
divertidísimo,2,hilarious
divertido,3,amused
divertido,4,fun
dolor,-2,ache
dolor,-2,aching
dolor,-2,grief
dolor,-2,pain
dolor,-2,sorrow
dolorida,-2,pained
dolorida,-1,sore
dolorido,-2,pained
dolorido,-1,sore
dolorosa,-2,dolorous
doloroso,-2,dolorous
ducha,-3,douche
duda,-1,doubt
dudada,-1,doubted
dudado,-1,doubted
dudas,-1,doubts
dudosa,-1,doubtful
dudosa,-2,dubious
dudoso,-1,doubtful
dudoso,-2,dubious
duele,-2,hurts
dulce,2,sweet
dura,-2,harsh
duro,-2,harsh
arruinar,-2,messing up
eficaz,2,effective
eficazmente,2,effectively
egoísma,-3,selfishness
egoísmo,-3,selfishness
egoísta,-3,selfish
ejecuciones,-2,foreclosures
corazón roto,-3,heartbroken
elación,3,elation
elegante,2,chic
elegante,2,debonair
elegante,2,elegant
elogiada,2,commended
elogiado,2,commended
elogiar,2,commend
embaraza,-2,embarrasses
embarazosa,-2,embarrassing
embarazoso,-2,embarrassing
embaucar,-2,bamboozle
embellecer,3,beautify
emergencia,-2,emergency
emoción,3,excitement
emocionada,2,agog
emocionada,3,excited
emocionado,2,agog
emocionado,3,excited
emocionante,3,exciting
empalaga;,-3,loathes
empática,2,empathetic
empático,2,empathetic
empeora,-3,worsens
empeorada,-3,worsened
empeorado,-3,worsened
empeoramienta,-3,worsening
empeoramiento,-3,worsening
empeorar,-3,worsen
empequeñecer,-2,belittle
empollanda,-2,brooding
empollando,-2,brooding
emprendedor,1,enterprising
arruinada,-2,messed
arruinado,-2,messed
encalar,-3,whitewash
encanta,3,charm
encantada,2,enchanted
encantada,3,delighted
encantadas,5,thrilled
encantado,3,delighted
encantador,3,charming
encantador,3,lovely
encantados,5,thrilled
encanto,3,charm
encarcelada,-2,imprisoned
encarcelada,-2,jailed
encarcelado,-2,imprisoned
encarcelado,-2,jailed
enconada,-2,inflamed
enconado,-2,inflamed
endosada,2,endorsed
endosado,2,endorsed
endosar,2,endorse
enemiga,-2,enemy
enemigo,-2,enemy
enemigos,-2,enemies
enemigos,-3,haters
energética,2,energetic
energético,2,energetic
enérgica,2,brisk
enérgica,2,spirited
enérgico,2,brisk
enérgico,2,spirited
enfada,-3,anger
enfado,-3,anger
enferma,-2,ill
enfermedad,-2,illness
enfermedades,-2,illnesses
enfermo,-2,ill
enfermos,-2,sick
enfocada,2,focused
enfocado,2,focused
enfurece,-2,infuriates
enfurecedora,-2,enraging
enfurecer,-2,enrage
enfurecer,-2,infuriate
enfurecida,-2,enraged
enfurecida,-2,infuriated
enfurecido,-2,enraged
enfurecido,-2,infuriated
engancha,1,engages
engaña,-3,deceives
engaña,-3,deceit
engaña,-3,deception
engañada,-2,bamboozled
engañada,-3,cheated
engañada,-3,deceived
engañada,-2,duped
engañado,-2,bamboozled
engañado,-3,cheated
engañado,-3,deceived
engañado,-2,duped
engañar,-3,cheat
engañar,-3,deceive
engañar,-2,dupe
engaño,-3,deceit
engaño,-3,deception
engañosa,-3,deceitful
engañosa,-3,deceiving
engañosa,-3,misleading
engañoso,-3,deceitful
engañoso,-3,deceiving
engañoso,-3,misleading
engreída,-2,cocky
engreído,-2,cocky
enhorabuena,2,congratulation
enjuicia,-1,prosecutes
enjuiciamienta,-1,prosecution
enjuiciamiento,-1,prosecution
enjuiciar,-1,prosecute
enloquecedor,-3,maddening
enojada,-3,angry
enojada,-3,mad
enojado,-3,angry
enojado,-3,mad
enorme,1,huge
enragés,-2,enrages
ensordecedor,-1,deafening
entretener,3,amuse
entretenida,2,entertaining
entretenido,2,entertaining
entristecer,-2,sadden
entristecida,-2,saddened
entristecido,-2,saddened
entumecida,-1,numb
entumecido,-1,numb
entusiasta,3,enthusiastic
envenenada,-2,poisoned
envenenado,-2,poisoned
envidia,-1,envy
envidias,-1,envies
envidiosa,-2,envious
envidioso,-2,envious
equivocada,-2,mistaken
equivocado,-2,mistaken
errónea,-2,erroneous
erróneo,-2,erroneous
error,-2,error
error,-2,mistake
errores,-2,errors
errores,-2,mistakes
erupción,-2,rash
apenar,-2,ashame
escalofriante,-1,chilling
escándala,-3,scandal
escándalo,-3,scandal
escándalos,-3,scandals
escandalosa,-3,scandalous
escandaloso,-3,scandalous
escapa,-1,escapes
escapar,-1,escape
escapar,-1,escaping
escasez,-2,shortage
escasez,-2,shortages
escéptica,-2,sceptical
escéptica,-2,skeptic
escéptica,-2,skeptical
escepticisma,-2,skepticism
escepticismo,-2,skepticism
escéptico,-2,sceptical
escéptico,-2,skeptic
escéptico,-2,skeptical
escépticos,-2,skeptics
esclarecedor,2,enlightening
esclavitud,-3,slavery
esclaviza,-2,enslaves
esclavizada,-2,enslaved
esclavizado,-2,enslaved
esclavizar,-2,enslave
esconde,-1,hides
esconder,-1,hide
escondida,-1,hid
escondido,-1,hid
escoria,-4,scumbag
esmeradamente,2,elegantly
espalda,1,backs
espantada,-2,aghast
espantado,-2,aghast
espantosa,-2,scary
espantoso,-2,scary
especulativa,-2,speculative
especulativo,-2,speculative
espera,-1,awaits
esperada,-1,awaited
esperado,-1,awaited
esperanda,2,hoping
esperando,2,hoping
esperanza,2,hope
esperanzada,2,hopeful
esperanzado,2,hopeful
esperanzas,2,hopes
esperar,-1,await
espinosa,-2,thorny
espinoso,-2,thorny
espíritu,1,spirit
espléndida,3,splendid
espléndido,3,splendid
espumosa,3,sparkling
espumoso,3,sparkling
está de acuerda,1,agrees
está de acuerdo,1,agrees
está de duelo,-2,mourns
estable,2,stable
establecida,1,vested
establecido,1,vested
estafa,-2,scam
estafa,-3,swindle
estafas,-2,scams
estafas,-3,swindles
estampida,-2,stampede
estancada,-2,stalled
estancado,-2,stalled
estancamienta,-2,stalling
estancamiento,-2,stalling
acecha,-1,lurk
acecho,-1,lurk
estereotipa,-2,stereotype
estereotipo,-2,stereotype
esteriotipada,-2,stereotyped
esteriotipado,-2,stereotyped
estimada,3,admired
estimada,2,esteemed
estimado,3,admired
estimado,2,esteemed
estimula,1,stimulates
estimulada,1,stimulated
estimulado,1,stimulated
estimulante,3,exhilarating
estimulante,2,stimulating
estimular,1,stimulate
estragos,-2,havoc
estrangulada,-2,choked
estrangulada,-2,strangled
estrangulado,-2,choked
estrangulado,-2,strangled
estranguladores,-2,chokes
estresada,-2,stressed
estresado,-2,stressed
estresor,-2,stressor
estupenda,3,great
estupenda,4,terrific
estupendo,3,great
estupendo,4,terrific
estúpida,-4,asshole
estúpida,-2,stupid
estúpidamente,-2,stupidly
estúpido,-4,asshole
estúpido,-2,stupid
ética,2,ethical
ético,2,ethical
euforia,3,euphoria
eufórica,4,euphoric
eufórico,4,euphoric
evita,-1,averts
evita,-1,avoids
evitada,-1,averted
evitada,-1,avoided
evitado,-1,averted
evitado,-1,avoided
evitar,-1,avert
evitar,-1,avoid
evitar,-1,prevent
exagera,-2,exaggerates
exageración,-2,overstatement
exageraciones,-2,overstatements
exagerada,-2,exaggerated
exagerado,-2,exaggerated
exageranda,-2,exaggerating
exagerando,-2,exaggerating
exagerar,-2,exaggerate
exagerar,-2,oversell
exaltada,3,elated
exaltado,3,elated
exasperada,2,exasperated
exasperante,-2,infuriating
excelencia,3,excellence
excelente,3,excellent
excepcional,5,outstanding
excitar,3,excite
excluidas,-2,excluded
excluidos,-2,excluded
excluir,-1,exclude
exclusión,-1,exclusion
exclusiva,2,exclusive
exclusivo,2,exclusive
excusa,-1,excuse
exhaustiva,2,comprehensive
exhaustivo,2,comprehensive
exigente,-1,demanding
exigida,-1,demanded
exigido,-1,demanded
eximir,-1,exempt
éxita,2,success
éxito,2,success
éxito de taquilla,3,blockbuster
exitosa,3,successful
exitoso,3,successful
exonera,2,exonerates
exonerada,2,exonerated
exonerado,2,exonerated
exoneranda,2,exonerating
exonerando,2,exonerating
exonerar,2,exonerate
expande,1,expands
expandir,1,expand
exploits,-2,exploits
exploración,1,exploration
exploraciones,1,explorations
explotada,-2,exploited
explotada,-2,wronged
explotado,-2,exploited
explotado,-2,wronged
explotanda,-2,exploiting
explotando,-2,exploiting
explotar,-2,exploit
expone,-1,exposes
exponer,-1,expose
exposición,-1,exposing
expuesta,-1,exposed
expuesto,-1,exposed
expulsa,-2,expels
expulsada,-2,expelled
expulsado,-2,expelled
expulsanda,-2,expelling
expulsando,-2,expelling
expulsar,-2,expel
extasiar,3,enrapture
éxtasis,2,raptures
extática,4,ecstatic
extática,4,rapturous
extático,4,ecstatic
extático,4,rapturous
extiende,1,extends
extraña,-2,bizarre
extraña,-1,strange
extraña,-2,weird
extrañamente,-1,strangely
extraño,-2,bizarre
extraño,-1,strange
extraño,-2,weird
exuberante,4,exuberant
exultante,3,exultantly
fabulosa,4,fabulous
fabuloso,4,fabulous
fácil,1,easy
facilitar,2,ease
factores de estrés,-2,stressors
faggots,-3,faggots
falla,-2,fails
fallar,-2,fail
falsificación,-3,faking
falsificaciones,-3,fakes
falsificada,-3,falsified
falsificado,-3,falsified
falsificar,-3,falsify
falso,-2,dud
falso,-3,fake
irrespetuosa,-2,disrespect
irrespetuoso,-2,disrespect
fama,1,fame
famélica,-2,starved
famélico,-2,starved
fanática,-2,zealot
fanático,-2,zealot
fanáticos,-2,zealots
fantasma,-1,ghost
fantástica,4,fantastic
fantástico,4,fantastic
farsa,-1,farce
farsa,-2,hoax
fascina,3,fascinates
fascinada,3,fascinated
fascinado,3,fascinated
fascinante,3,fascinating
fascinar,3,fascinate
fascista,-2,fascist
fascistas,-2,fascists
fastidiosa,-2,bothersome
fastidioso,-2,bothersome
fatalidad,-3,fatality
fatiga,-2,fatigue
fatigada,-2,fatigued
fatigado,-2,fatigued
fatigas,-2,fatigues
fatigosa,-2,fatiguing
fatigoso,-2,fatiguing
favor,2,favor
favorecida,2,favored
favorecido,2,favored
favores,2,favors
favorita,2,favorite
favorita,2,favorited
favorito,2,favorite
favorito,2,favorited
favoritos,2,favorites
fe,1,faith
fea,-3,ugly
felicidad,3,bliss
felicidad,3,happiness
felicidades,2,congrats
felicitaciones,2,congratulations
felicitar,2,congratulate
feliz,3,blissful
feo,-3,ugly
ferviente,2,fervent
fervorosa,2,fervid
fervoroso,2,fervid
festiva,2,festive
festivo,2,festive
fiasca,-3,fiasco
fiasco,-3,fiasco
fiel,3,faithful
filtrada,-1,leaked
finge,-1,pretends
fingir,-1,pretend
firme,2,steadfast
flop,-2,flops
fóbica,-2,phobic
fóbico,-2,phobic
follada,-4,fucked
fortalece,2,strengthens
fortalecer,2,strengthen
fortalecimienta,2,strengthening
fortalecimiento,2,strengthening
fortificada,2,strengthened
fortificado,2,strengthened
forzada,-1,forced
forzado,-1,forced
fracasa,-2,failure
fracasa,-2,flop
fracaso,-2,failure
fracaso,-2,flop
fracasos,-2,failures
frase,-2,sentence
frases,-2,sentences
fraude,-4,fraud
fraude,-4,fraudulence
fraudes,-4,frauds
fraudulenta,-4,fraudulent
fraudulento,-4,fraudulent
frenesí,-3,frenzy
frenética,-1,frantic
frenético,-1,frantic
fresca,1,fresh
fresco,1,fresh
frikin,-2,frikin
frotis,-2,smear
frustra,-2,frustrates
frustración,-2,frustration
frustrada,-2,frustrated
frustrada,-2,thwarted
frustrado,-2,frustrated
frustrado,-2,thwarted
frustrante,-2,frustrating
frustrar,-2,frustrate
frustrar,-2,thwart
frustrar,-2,thwarting
ftw,3,ftw
fuckface,-4,fuckface
fuckhead,-4,fuckhead
fucktard,-4,fucktard
fud,-3,fud
fuega,-2,fire
fuego,-2,fire
fuerte,2,strong
fuerza,2,strength
fuga,-1,leak
fuked,-4,fuked
fuking,-4,fuking
fumante,-2,fuming
funeral,-1,funeral
funerales,-1,funerals
furiosa,-3,furious
furioso,-3,furious
furtiva,-1,sneaky
furtivo,-1,sneaky
fútil,2,futile
galante,3,gallant
galantería,3,gallantry
galardonada,3,awarded
galardonado,3,awarded
gallardamente,3,gallantly
gamberra,-2,hooligan
gamberrisma,-2,hooliganism
gamberrismo,-2,hooliganism
gamberro,-2,hooligan
ganada,2,gained
ganado,2,gained
ganador,4,winner
ganancia,2,gain
ganancias,2,gains
gananda,2,gaining
ganando,2,gaining
ganar,4,win
garantía,1,guarantee
gemía,-2,moaned
gemida,-2,moan
gemidas,-2,moaning
gemidas,-2,moans
gemido,-2,moan
gemidos,-2,moaning
gemidos,-2,moans
generosa,2,generous
generoso,2,generous
genial,3,genial
gilipollas,-4,dickhead
gilipollas,-3,douchebag
gilipollas,-4,shithead
gilipollas,-3,wanker
glamour,3,glamourous
gloria,2,glory
gloriosa,2,glorious
glorioso,2,glorious
golpe,-2,slam
golpeada,-1,struck
golpeado,-1,struck
gorrón,-2,bummer
gracia,1,grace
gracias,2,thank
gracias,2,thanks
graciosa,4,funny
gracioso,4,funny
grande,1,big
grandiosa,3,grand
grandioso,3,grand
graniza,2,hail
granizada,2,hailed
granizado,2,hailed
granizo,2,hail
gratificación,2,gratification
gratificante,2,rewarding
gratis,1,free
grave,-2,severe
greenwasher,-3,greenwasher
greenwashers,-3,greenwashers
gripe,-2,flu
gris,-1,gray
gris,-1,grey
grita,-2,outcry
gritada,-2,screamed
gritado,-2,screamed
gritanda,-2,screaming
gritando,-2,screaming
gritar,-2,scream
grito,-2,outcry
guarida,-1,haunt
guau,4,wow
guay,1,cool
guerra,-2,war
guerra,-2,warfare
gustó,2,liked
gustos,2,likes
fallida,-2,failed
fallado,-2,failed
hábil,2,nifty
habilidades,2,abilities
hacer daña,-2,harming
hacer daño,-2,harming
hacer descarrilar,-2,derail
hacha,-1,axe
hackeada,-1,hacked
hackeado,-1,hacked
hahahah,3,hahahah
hambre,-2,hunger
harta,-3,fed up
harto,-3,fed up
herir,-2,hurt
hermosa,3,beautiful
hermosamente,3,beautifully
héroe,2,hero
héroes,2,heroes
heroica,3,heroic
heroico,3,heroic
hijo de puta,-5,motherfucker
hijo de puta,-5,son-of-a-bitch
hijos de puta,-4,fuckers
hipócrita,-2,hypocritical
histeria,-3,hysteria
histérica,-3,hysterical
histérico,-3,hysterical
histerisma,-3,hysterics
histerismo,-3,hysterics
homenaje,2,honoring
homenaje,2,honouring
honesta,2,honest
honesto,2,honest
honor,2,honor
honor,2,honour
honrada,2,honored
honrada,2,honoured
honrado,2,honored
honrado,2,honoured
hooligans,-2,hooligans
horrenda,-3,horrendous
horrenda,-3,horrific
horrendo,-3,horrendous
horrendo,-3,horrific
horrible,-3,awful
horrible,-3,direful
horrible,-3,horrible
horrorizada,-3,horrified
horrorizado,-3,horrified
hosca,-2,sullen
hosco,-2,sullen
hostil,-2,hostile
huelga,-1,strike
huelgas,-1,strikes
humerous,3,humerous
humillación,-3,humiliation
humillada,-3,humiliated
humillado,-3,humiliated
humor,2,humor
humor,2,humour
humorística,2,humorous
humorístico,2,humorous
hurra,5,hurrah
huye,-1,flees
idiota,-3,idiot
idiota,-3,idiotic
idiota,-3,moron
ignora,-1,ignores
ignorada,-2,disregarded
ignorada,-2,ignored
ignorado,-2,disregarded
ignorado,-2,ignored
ignorancia,-2,ignorance
ignorante,-2,ignorant
ignorar,-1,ignore
ilegal,-3,illegal
ilumina,2,enlightens
iluminar,2,enlighten
ilustrada,2,enlightened
ilustrado,2,enlightened
imbécil,-3,imbecile
imbécil,-3,jerk
imbécil,-2,mindless
impaciente,-2,impatient
impar,-2,odd
imparable,2,unstoppable
imparcial,2,unbiased
impedida,-1,prevented
impedido,-1,prevented
imperfecta,-2,imperfect
imperfecto,-2,imperfect
impermeable,2,slicker
implacable,-1,relentless
impone,-1,imposes
imponente,-1,imposing
imponer,-1,impose
importancia,2,importance
importante,2,important
importar,1,matter
impotente,-2,impotent
impotente,-2,powerless
impresiona,3,impresses
impresionada,3,impressed
impresionada,-2,unimpressed
impresionado,3,impressed
impresionado,-2,unimpressed
impresionante,3,impressive
impresionar,3,impress
impuesta,-1,imposed
impuesto,-1,imposed
impulsada,1,boosted
impulsado,1,boosted
impulsar,1,boosting
inacción,-2,inaction
inaceptable,-2,unacceptable
inadecuada,-2,inadequate
inadecuado,-2,inadequate
incapacidad,-2,inability
incapacitada,-2,incapacitated
incapacitado,-2,incapacitated
incapacitante,-1,disabling
incapaz,-2,incapable
incierta,-1,uncertain
incierto,-1,uncertain
incómoda,-2,uncomfortable
incómodo,-2,uncomfortable
incompetencia,-2,incompetence
incompetente,-2,incompetent
incomprendida,-2,misunderstood
incomprendido,-2,misunderstood
inconexa,-2,disjointed
inconexo,-2,disjointed
inconfirmada,-1,unconfirmed
inconfirmado,-1,unconfirmed
inconsciente,-2,unaware
inconveniencia,-2,inconvenience
inconveniente,-2,inconvenient
incorrecta,-2,wrong
incorrecto,-2,wrong
incrédula,-1,unbelieving
incrédulo,-1,unbelieving
increíble,4,awesome
increíble,-1,unbelievable
incrementar,1,increase
incumplida,-2,unfulfilled
indecisa,-2,indecisive
indecisa,-1,undecided
indeciso,-2,indecisive
indeciso,-1,undecided
indefensa,-2,defenseless
indefensa,-2,helpless
indefenso,-2,defenseless
indefenso,-2,helpless
indeseable,-2,undesirable
indestructible,2,indestructible
indiferencia,-2,disregard
indiferencia,-2,indifference
indiferente,-2,indifferent
indignación,-2,indignation
indignada,-2,incensed
indignada,-2,indignant
indignadas,-3,outraged
indignado,-2,incensed
indignado,-2,indignant
indignados,-3,outraged
indigno de,-2,unworthy
indulgente,1,forgiving
indulgente,1,lenient
indultas,2,pardons
indultos,2,pardons
ineficaz,-2,ineffective
ineficazmente,-2,ineffectively
inestable,-1,unsettled
inestable,-2,unstable
infantil,-2,childish
infatuación,2,infatuation
infectada,-2,infected
infectado,-2,infected
infeliz,-2,unhappy
inferior,-2,inferior
infierna,-4,hell
infierno,-4,hell
influyente,2,influential
información errónea,-2,misreporting
infortunia,-2,haplessness
infortunio,-2,haplessness
infracción,-2,infringement
infractor,-2,offending
ingenua,-2,naive
ingenuo,-2,naive
inhibir,-1,inhibit
injusta,-2,unfair
injusta,-2,unjust
injusticia,-2,injustice
injusto,-2,unfair
injusto,-2,unjust
inmortal,2,immortal
inmovilizada,-1,immobilized
inmovilizado,-1,immobilized
inmune,1,immune
innova,1,innovates
innovación,1,innovation
innovador,2,innovative
innovar,1,innovate
inquieta,-2,restless
inquieto,-2,restless
inquisición,-2,inquisition
inquisitiva,2,inquisitive
inquisitivo,2,inquisitive
insalubre,-2,unhealthy
insana,-2,insane
insano,-2,insane
insatisfecha,-2,dissatisfied
insatisfecha,-2,unsatisfied
insatisfecho,-2,dissatisfied
insatisfecho,-2,unsatisfied
insegura,-1,doubting
insegura,-2,insecure
insegura,-1,unsure
inseguro,-1,doubting
inseguro,-2,insecure
inseguro,-1,unsure
insensibilidad,-2,insensitivity
insensible,-2,insensitive
insignificante,-2,insignificant
insípida,-2,insipid
insípido,-2,insipid
insistente,-1,pushy
insomnia,-2,sleeplessness
insomnio,-2,sleeplessness
inspira,2,inspires
inspiración,2,inspiration
inspirada,2,inspirational
inspirada,2,inspired
inspirado,2,inspirational
inspirado,2,inspired
inspirador,3,inspiring
inspirar,2,inspire
insulta,-2,insult
insultada,-2,insulted
insultado,-2,insulted
insultante,-2,insulting
insultas,-2,insults
insulto,-2,insult
insultos,-2,insults
intacta,2,intact
intacto,2,intact
integridad,2,integrity
inteligente,2,clever
inteligente,2,intelligent
inteligente,1,smart
intensa,1,intense
intenso,1,intense
interesada,2,interested
interesado,2,interested
interesante,2,interesting
interesar,1,interest
intereses,1,interests
interrogada,-2,interrogated
interrogado,-2,interrogated
interrogatoria,-1,questioning
interrogatorio,-1,questioning
interrumpida,-2,interrupted
interrumpido,-2,interrupted
interrumpienda,-2,interrupting
interrumpiendo,-2,interrupting
interrumpir,-2,interrupt
interrupción,-2,interruption
interrupciones,-2,disruptions
interrupciones,-2,interrupts
intimida,-2,intimidates
intimidación,-2,intimidation
intimidante,-2,intimidating
intimidar,-2,intimidate
intimidar,-2,intimidated
intitulada,1,entitled
intitulado,1,entitled
intrépida,2,dauntless
intrépido,2,dauntless
intrigas,1,intrigues
intrincada,2,intricate
intrincado,2,intricate
inútil,-2,useless
inutilidad,-2,uselessness
invencible,2,invincible
invitación,1,invite
invulnerable,2,invulnerable
ironía,-1,irony
irónica,-1,ironic
irónico,-1,ironic
irracional,-1,irrational
irresistible,2,irresistible
irresoluta,-2,irresolute
irresoluto,-2,irresolute
irresponsable,2,irresponsible
irreversible,-1,irreversible
irritada,-2,annoyed
irritada,-3,irritated
irritado,-2,annoyed
irritado,-3,irritated
irritante,-3,irritating
irritante,-2,vexing
irritar,-3,irritate
jackasses,-4,jackasses
jactanciosa,-2,boastful
jactancioso,-2,boastful
jaja,3,haha
jajaja,3,hahaha
jesús,1,jesus
jocosa,2,jocular
jocoso,2,jocular
jovial,2,jovial
joya,1,jewel
joyas,1,jewels
jubilosa,3,exultant
jubilosa,3,gleeful
jubilosa,3,joyous
jubilosa,3,jubilant
jubiloso,3,exultant
jubiloso,3,gleeful
jubiloso,3,joyous
jubiloso,3,jubilant
juguetón,2,playful
juicio hipotecaria,-2,foreclosure
juicio hipotecario,-2,foreclosure
justa,2,fair
justicia,2,justice
justificada,2,justified
justificadamente,2,justifiably
justificado,2,justified
juvenil,2,youthful
kills,-3,kills
kinder,2,kinder
ladrón,-2,robber
lag,-2,lagged
lágrimas,-2,tears
lamentable,-3,woeful
lamentanda,-2,regretting
lamentando,-2,regretting
lamentar,-2,regret
lamentar,-2,regretted
lánguida,-2,lackadaisical
lánguido,-2,lackadaisical
lanzada,1,launched
lanzado,1,launched
lástima,-2,pity
lastimosa,-2,piteous
lastimoso,-2,piteous
late,-2,annoys
latosa,-2,annoying
latoso,-2,annoying
laughting,1,laughting
lavado del cerebro,-3,brainwashing
lavado verde,-3,green wash
lavado verde,-3,green washing
lavado verde,-3,greenwash
lavado verde,-3,greenwashing
lawl,3,lawl
leal,3,loyal
lealtad,3,loyalty
leer mal,-1,misread
legal,1,legal
legalmente,1,legally
lenta,-2,sluggish
lento,-2,sluggish
lesión,-2,injury
lesionada,-2,injured
lesionado,-2,injured
letarga,-2,lethargy
letárgica,-2,lethargic
letárgico,-2,lethargic
letargo,-2,lethargy
lía,-2,mess
libertad,2,freedom
limitación,-1,limitation
limitada,-1,limited
limitado,-1,limited
límites,-1,limits
limpiador,2,cleaner
limpiar,2,clean
linda,2,cute
lío,-2,mess
lista,-2,poised
listo,-2,poised
litigia,-1,litigation
litigio,-1,litigation
litigiosa,-2,litigious
litigioso,-2,litigious
lívida,-2,livid
lívido,-2,livid
llanta,-2,weeping
llanto,-2,weeping
llantos,-2,cries
llegar,1,reaching
lleno de alegría,4,overjoyed
lleno de savia,-1,sappy
llorada,-2,cried
llorada,-2,mourned
llorado,-2,cried
llorado,-2,mourned
lloranda,-2,crying
llorando,-2,crying
llorar,-1,cry
llorar,-2,mourn
llorar,-2,weep
lluviosa,-1,rainy
lluvioso,-1,rainy
lmaa,4,lmao
lmao,4,lmao
lmfaa,4,lmfao
lmfao,4,lmfao
lo sienta,-1,sorry
lo siento,-1,sorry
loca,-2,crazy
loca,-2,crazier
locamente,-3,madly
loco,-2,crazier
locos,-3,lunatics
locura,-2,insanity
locura,-3,madness
logra,2,accomplishes
lol,3,lol
spammers,-3,spammers
lovelies,3,lovelies
lucha,-1,fight
lucha,-2,struggle
luchada,-2,struggled
luchado,-2,struggled
luchanda,-2,struggling
luchando,-2,struggling
luchas,-2,struggles
lúgubre,-2,lugubrious
lunática,-3,lunatic
lunático,-3,lunatic
luta,-2,mourning
luto,-2,mourning
madura,2,mature
maduro,2,mature
magnífica,5,superb
magnífico,5,superb
mal,-3,badly
mal,-3,evil
mal comportamiento,-2,misbehaving
mal humor,-2,sulking
mal informada,-2,misinformed
mal informado,-2,misinformed
mala,-3,bad
maldice,-2,swears
maldice,-2,swear
maldicienda,-2,swearing
maldiciendo,-2,swearing
maldición,-1,curse
maldición,-4,damnit
maldita,-4,damned
maldita,-4,fucking
maldita,-3,goddamn
maldita,-2,pesky
maldita sea,-4,damn
maldito,-4,damned
maldito,-4,fucking
maldito,-3,goddamn
maldito,-2,pesky
malentendida,-2,misunderstanding
malentendido,-2,misunderstanding
malentiende,-2,misunderstand
malentiende,-2,misunderstands
males,-1,mischiefs
malévola,-2,spiteful
malévolo,-2,spiteful
malhumorada,-2,mumpish
malhumorada,-2,sulky
malhumorado,-2,mumpish
malhumorado,-2,sulky
malinterpretada,-2,misinterpreted
malinterpretado,-2,misinterpreted
malo,-3,bad
malvada,-2,wicked
malvado,-2,wicked
mancha,2,slick
manifestantes,-2,protesters
manipulación,-1,manipulating
manipulación,-1,manipulation
manipulada,-1,manipulated
manipulado,-1,manipulated
maravilla,3,marvel
maravillas,3,marvels
maravillosa,3,marvelous
maravillosa,4,stunning
maravillosa,4,wonderful
maravilloso,3,marvelous
maravilloso,4,stunning
maravilloso,4,wonderful
mareada,-1,dizzy
mareada,-2,giddy
mareado,-1,dizzy
mareado,-2,giddy
maricón,-3,fag
maricón,-3,faggot
más baja,-1,lowest
más brillante,2,brightest
más divertida,4,funnier
más divertido,4,funnier
más dura,-2,harsher
más duras,-2,harshest
más duro,-2,harsher
más fuerte,2,stronger
más fuerte,2,strongest
más inteligente,2,smarter
más inteligente,2,smartest
más loca,-2,craziest
más oscura,-2,darkest
más pobre,-2,poorer
más pobre,-2,poorest
más resistentes,2,hardier
más sucia,-2,dirtier
más sucia,-2,dirtiest
más sucio,-2,dirtier
más sucio,-2,dirtiest
matar,-3,kill
matón,-2,bully
mayor,3,greater
mayor,3,greatest
gusta,2,like
gusto,2,like
meanda,-3,pissing
meando,-3,pissing
mear,-4,piss
medalla,3,medal
mediocridad,-3,mediocrity
meditativa,1,meditative
meditativo,1,meditative
mejor,3,best
mejor que,2,better
mejora,2,improvement
mejora,2,improves
mejorada,2,improved
mejorado,2,improved
mejoranda,2,improving
mejorando,2,improving
mejorar,2,improve
melancolía,-2,melancholy
melancólica,-2,gloomy
melancólica,-1,mope
melancólico,-2,gloomy
melancólico,-1,mope
menospreciada,-2,belittled
menospreciada,-2,disparaged
menospreciado,-2,belittled
menospreciado,-2,disparaged
menospreciar,-2,disparage
menosprecie,-2,disparages
mentirosa,-3,liar
mentiroso,-3,liar
mentirosos,-3,liars
mercachifle,-2,huckster
metódica,2,methodical
metódico,2,methodical
mieda,-2,fear
miedo,-2,fear
miedosa,2,funky
miedoso,2,funky
mierda,-4,bullshit
mierda,-3,crap
mierda,-4,fuck
mierda,-4,shit
milagra,4,miracle
milagro,4,miracle
minada,-2,undermined
minado,-2,undermined
minanda,-2,undermining
minando,-2,undermining
mintió,-2,lied
miope,-2,short-sighted
miopía,-2,short-sightedness
mirthfully,3,mirthfully
miserable,-3,miserable
miseria,-2,misery
misericordia,2,mercy
misteriosa,-2,eerie
misteriosa,-2,eery
misterioso,-2,eerie
misterioso,-2,eery
mita,-1,myth
mito,-1,myth
moda,-2,fad
molesta,-2,bothers
molesta,-4,pissed
molestada,-2,bothered
molestado,-2,bothered
molestar,-2,annoy
molestar,-2,disturb
molestia,-2,annoyance
molestia,-2,bother
molesto,-4,pissed
mongering,-2,mongering
monopoliza,-2,monopolizes
monopolizada,-2,monopolized
monopolizado,-2,monopolized
monopolizar,-2,monopolize
moping,-1,moping
mordaz,-3,acrimonious
mordaza,-2,gag
morir,-3,die
morir de hambre,-2,starve
motivación,1,motivation
motivada,2,motivated
motivado,2,motivated
motivador,2,motivating
motivar,1,motivate
muere de hambre,-2,starves
muerta,-3,dead
muerte,-2,death
muerto,-3,dead
muriendo de hambre,-2,starving
murió,-3,died
musaraña,-4,shrew
n00b,-2,n00b
na,-1,no
natural,1,natural
necesitada,-2,needy
necesitado,-2,needy
negada,-2,denied
negado,-2,denied
negador,-2,denier
negadores,-2,deniers
neganda,-2,denying
negando,-2,denying
negándose,-2,refusing
negar,-2,deny
negativa,-2,negative
negatividad,-2,negativity
negativo,-2,negative
negligencia,-2,neglect
negligencias,-2,neglects
negociar,2,bargain
negrita,2,bold
nervios,-1,nerves
nerviosa,-2,fidgety
nerviosa,-2,flustered
nerviosa,-2,nervous
nerviosamente,-2,nervously
nervioso,-2,fidgety
nervioso,-2,flustered
nervioso,-2,nervous
niebla tóxica,-2,smog
niega,-2,denies
niggas,-5,niggas
nigger,-5,nigger
no,-1,no
no amable,-2,unlovable
no aprobada,-2,unapproved
no aprobado,-2,unapproved
no creer,-2,disbelieve
no deseada,-2,unwanted
no deseado,-2,unwanted
no es divertida,-3,no fun
no es divertido,-3,no fun
no está bien,-2,not good
no funciona,-3,does not work
no funciona,-3,not working
no profesional,-2,unprofessional
no puede soportar,-3,can't stand
no sofisticada,-2,unsophisticated
no sofisticado,-2,unsophisticated
disgusta,-2,dont like
noble,2,noble
nostálgica,-2,homesick
nostálgico,-2,homesick
notable,2,remarkable
notoria,-2,notorious
notorio,-2,notorious
novata,-2,noob
novato,-2,noob
novela,2,novel
nubes,-2,troubles
nublada,-1,clouded
nueces,-3,nuts
objeto de dumping,-2,dumped
obligada,1,compelled
obligado,1,compelled
obligatoria,-1,mandatory
obligatorio,-1,mandatory
obliterada,-2,obliterated
obliterado,-2,obliterated
obliterar,-2,obliterate
obra maestra,4,masterpiece
obras maestras,4,masterpieces
obscena,-2,obscene
obsceno,-2,obscene
obsesionada,-2,haunted
obsesionada,2,obsessed
obsesionado,-2,haunted
obsesionado,2,obsessed
obsesionante,1,haunting
obsoleta,-2,obsolete
obsoleto,-2,obsolete
obstácula,-2,hindrance
obstácula,-2,obstacle
obstáculo,-2,hindrance
obstáculo,-2,obstacle
obstáculos,-2,obstacles
obstinada,-2,obstinate
obstinada,-2,stubborn
obstinado,-2,obstinate
obstinado,-2,stubborn
obstruida,-1,blocked
obstruido,-1,blocked
ocultación,-1,hiding
odia,-3,hate
odiada,-3,hated
odiado,-3,hated
odianda,-3,hating
odiando,-3,hating
odio,-3,hate
odios,-3,hates
ofende,-2,offends
ofender,-2,offend
ofendida,-2,offended
ofendido,-2,offended
oferta,2,tender
ojalá,2,hopefully
oks,2,oks
olvidada,-1,forgotten
olvidadiza,-2,forgetful
olvidadizo,-2,forgetful
olvidado,-1,forgotten
olvidar,-1,forget
ominosa,3,ominous
ominoso,3,ominous
oportunidad,2,chance
oportunidad,2,opportunity
oportunidades,2,opportunities
opresiva,-2,oppressive
opresivo,-2,oppressive
oprimidas,-2,oppressed
oprimidos,-2,oppressed
optimisma,2,optimism
optimismo,2,optimism
optimista,2,optimistic
optionless,-2,optionless
ora,1,prays
orar,1,pray
orgulla,2,proudly
orgullo,2,proudly
orgullosa,2,proud
orgulloso,2,proud
oscuridad,-1,darkness
oscuridad,-1,gloom
outmaneuvered,-2,outmaneuvered
overreacted,-2,overreacted
overselling,-2,overselling
oversells,-2,oversells
oxímoron,-1,oxymoron
pacífica,2,peaceful
pacífico,2,peaceful
paga,-1,pay
pagada,2,acquitted
pagado,2,acquitted
paja,-2,blah
paliza,-1,beating
pánica,-3,panic
pánica,-3,panicked
pánico,-3,panic
pánico,-3,panicked
pánicos,-3,panics
parada,-1,stopping
paradas,-1,stops
paradoja,-1,paradox
paraísa,3,paradise
paraíso,3,paradise
parcial,-2,biased
parcialidad,-1,bias
pardoning,2,pardoning
parlamentar,-1,parley
parodia,-2,travesty
paros,-2,walkouts
parte superior,2,top
partidarios,1,supporters
pasada,-1,worn
pasado,-1,worn
pasado por alta,-1,overlooked
pasado por alto,-1,overlooked
pasiva,-1,passive
pasivamente,-1,passively
pasivo,-1,passive
pasmosamente,3,astoundingly
patética,-2,pathetic
patético,-2,pathetic
pavor,-2,dread
paz,2,peace
pecaminosa,-3,sinful
pecaminoso,-3,sinful
peligra,-2,danger
peligra,-2,jeopardy
peligra,-2,peril
peligro,-2,danger
peligro,-2,jeopardy
peligro,-2,peril
pena,-2,penalty
penetración,3,breakthrough
pensativa,-1,pensive
pensativa,2,thoughtful
pensativo,-1,pensive
pensativo,2,thoughtful
peor,-3,worse
peor,-3,worst
perdedor,-3,loser
perder,-2,miss
perdida,-2,missed
pérdida,-3,loss
perdido,-2,missed
perdienda,-3,losing
perdiendo,-3,losing
perdió,-3,lost
perdón,2,pardon
perdonada,2,pardoned
perdonado,2,pardoned
perdonar,1,forgive
perezosa,-1,lazy
perezoso,-1,lazy
perfecciona,2,perfects
perfeccionada,2,perfected
perfeccionado,2,perfected
perfecta,3,perfect
perfectamente,3,perfectly
perfecto,3,perfect
perjudicada,-2,disadvantaged
perjudicada,-2,harmed
perjudicado,-2,disadvantaged
perjudicado,-2,harmed
perjudicial,-2,harmful
perjuria,-3,perjury
perjurio,-3,perjury
permitir,1,allow
perpleja,-2,perplexed
perpleja,-2,puzzled
perplejo,-2,perplexed
perplejo,-2,puzzled
perra,-5,bitch
perras,-5,bitches
perseguidas,-2,persecuted
perseguidos,-2,persecuted
perseguir,-2,persecute
perseguir,-2,persecuting
persigue,-2,persecutes
perspectiva,1,prospect
perspectivas,1,prospects
perturba,-2,disturbs
perturbada,-2,disturbed
perturbada,-2,perturbed
perturbado,-2,disturbed
perturbado,-2,perturbed
perturbador,-2,disturbing
pésima,-2,appalling
pesimisma,-2,pessimism
pesimismo,-2,pessimism
pesimista,-2,pessimistic
pésimo,-2,appalling
petrificada,-2,petrified
petrificado,-2,petrified
picada,-2,piqued
picado,-2,piqued
picante,-2,itchy
pierde,-3,looses
pinchaza,-5,prick
pinchazo,-5,prick
pintoresca,2,picturesque
pintoresco,2,picturesque
piqué,-2,pique
pistola,-1,gun
placer,3,pleasure
pobre,-2,poor
pobreza,-1,poverty
poco clara,-1,unclear
poco claro,-1,unclear
poco ética,-2,unethical
poco ético,-2,unethical
poderosa,2,powerful
poderoso,2,powerful
polémica,-2,controversially
polémica,-2,controversial
polémico,-2,controversial
polla,-5,cock
polla,-4,dick
popular,3,popular
por favor,1,please
por suerte,3,luckily
porta mal,-2,misbehaves
portado mal,-2,misbehaved
portarse mal,-2,misbehave
posesiva,-2,possessive
posesivo,-2,possessive
posibilidades,2,chances
positiva,2,positive
positivo,2,positive
pospone,-1,postpones
posponer,-1,postpone
posponienda,-1,postponing
posponiendo,-1,postponing
pospuesta,-1,postponed
pospuesto,-1,postponed
prblm,-2,prblm
prblms,-2,prblms
pregonan,-2,touting
premia,3,award
premio,3,award
premios,3,awards
preocupación,-3,worry
preocupada,-2,troubled
preocupada,-3,worried
preocupado,-2,troubled
preocupado,-3,worried
preocupante,-3,worrying
preparada,1,prepared
preparado,1,prepared
presar,-2,deject
presión,-1,pressure
presionadas,-2,pressured
presionados,-2,pressured
prestigia,3,kudos
prestigio,3,kudos
pretendienda,-1,pretending
pretendiendo,-1,pretending
prevención,-1,preventing
prevenida,-2,warned
prevenido,-2,warned
previene,-1,prevents
prisión,-2,prison
prisionera,-2,prisoner
prisionero,-2,prisoner
prisioneros,-2,prisoners
privación,-2,hardship
privar,-2,bereave
privilegiada,2,privileged
privilegiado,2,privileged
proactiva,2,proactive
proactivo,2,proactive
problema,-2,problem
problema,-2,trouble
problemas,-2,problems
procesada,-2,prosecuted
procesado,-2,prosecuted
progresa,2,progress
progreso,2,progress
prohibición,-2,ban
prohibida,-2,banned
prohibido,-2,banned
promesa,1,promise
promesas,1,promises
prometida,1,promised
prometido,1,promised
prominente,2,prominent
promocionada,-2,touted
promocionado,-2,touted
promover,1,promote
promovida,1,promoted
promovido,1,promoted
promovienda,1,promoting
promoviendo,1,promoting
promueve,1,promotes
propaganda,-2,propaganda
próspera,3,prosperous
próspero,3,prosperous
protege,1,protects
proteger,1,protect
protegida,1,protected
protegido,1,protected
protesta,-2,protest
protestar,-2,protesting
protestas,-2,protests
provoca,-1,provokes
provocada,-1,provoked
provocado,-1,provoked
provocador,-1,provoking
provocar,-1,provoke
pseudociencia,-3,pseudoscience
puesta,-2,stall
puesto,-2,stall
punitiva,-2,punitive
punitivo,-2,punitive
punto de referencia,2,landmark
punto muerta,-2,deadlock
punto muerto,-2,deadlock
puñalada,-2,stab
puñaladas,-2,stabs
pusilánime,-2,fainthearted
puta,-5,slut
puta,-4,whore
puta,-5,motherfucking
puto,-5,motherfucking
que cae,-1,falling
queja,-2,complains
quejada,-2,complained
quejado,-2,complained
quejar,-2,complain
querer,1,want
querida,3,dearly
querida,2,cherished
querida,2,dear
querido,3,dearly
querido,2,cherished
querido,2,dear
rabia,-2,rage
rabiosa,-2,rageful
rabioso,-2,rageful
ración,2,helping
racisma,-3,racism
racismo,-3,racism
racista,-3,racist
racistas,-3,racists
ranter,-3,ranter
ranters,-3,ranters
rantes,-3,rants
rápida,2,swift
rápidamente,2,swiftly
rápido,2,swift
rapta,2,rapture
raptadas,2,raptured
raptados,2,raptured
rapto,2,rapture
rasgada,-2,torn
rasgado,-2,torn
ratificada,2,ratified
ratificado,2,ratified
realce,2,highlight
realizable,1,achievable
realizar,2,accomplish
reanimar,2,revive
rebelión,-2,rebellion
recela,-2,misgiving
recelo,-2,misgiving
recesión,-2,recession
rechaza,-1,rejects
rechazada,-2,refused
rechazada,-1,rejected
rechazado,-2,refused
rechazado,-1,rejected
rechazanda,-1,rejecting
rechazando,-1,rejecting
rechazar,-1,reject
rechazar,-1,repulse
recomendada,2,recommended
recomendado,2,recommended
recomendar,2,recommend
recomienda,2,recommends
recompensa,2,reward
recompensada,2,rewarded
recompensado,2,rewarded
recompensas,2,rewards
recortada,-2,slashed
recortado,-2,slashed
recortes,-1,cuts
redimida,2,redeemed
redimido,2,redeemed
refugios,-1,haunts
regala,2,gift
regalo,2,gift
regaña,-2,scold
regaño,-2,scold
regate,-2,dodging
regocija,3,exhilarates
regocija,4,rejoices
regocijada,3,exhilarated
regocijada,4,rejoiced
regocijado,3,exhilarated
regocijado,4,rejoiced
reivindica,2,vindicates
reivindicanda,2,vindicating
reivindicando,2,vindicating
relajada,2,relaxed
relajado,2,relaxed
relieves,1,relieves
remordimienta,-2,remorse
remordimiento,-2,remorse
renuncia,-1,resigns
renunciar,-1,resign
renunciar,-1,resigning
repelida,-2,repulsed
repelido,-2,repulsed
rescatada,2,rescued
rescate,-2,bailout
rescate,2,rescue
rescates,2,rescues
resentida,-2,resentful
resentido,-2,resentful
residuos,-1,waste
resignada,-1,resigned
resignado,-1,resigned
resistente,2,hardy
resolución,1,solving
resolver,2,resolve
resolver,2,resolving
resolver,1,solve
respalda,2,endorses
respaldadas,1,backed
respaldados,1,backed
respetada,2,respected
respetado,2,respected
responsable,2,responsible
restauración,1,restoring
restauraciones,1,restores
restaurada,1,restored
restaurar,1,restore
restos,-2,ruins
restricción,-2,restriction
restringe,-2,restricts
restringida,-2,restricted
restringido,-2,restricted
restringienda,-2,restricting
restringiendo,-2,restricting
restringir,-2,restrict
resuelta,2,resolute
resuelta,2,resolved
resuelta,1,solved
resuelto,2,resolute
resuelto,2,resolved
resuelto,1,solved
resuelve,2,resolves
resuelve,1,solves
reta,-1,challenge
retardar,-2,retard
retenida,-1,retained
retenido,-1,retained
retirada,-1,retreat
retirada,-2,walkout
retirada,-3,withdrawal
reto,-1,challenge
retozón,2,frisky
retrasa,-1,lag
retrasada,-1,delayed
retrasada,-2,retarded
retrasado,-1,delayed
retrasado,-2,retarded
retrasar,-1,delay
retraso,-1,lag
revendedor,-2,tout
revendedores,-2,touts
reverenciada,2,revered
reverenciado,2,revered
revive,2,revives
rezagada,-2,lagging
rezagado,-2,lagging
rezar,1,praying
rica,2,rich
rica,2,wealthy
rico,2,rich
rico,2,wealthy
ridícula,-3,ridiculous
ridiculiza,-2,derides
ridiculizada,-2,derided
ridiculizado,-2,derided
ridiculizar,-2,deride
ridículo,-3,ridiculous
riesga,-2,risk
riesgo,-2,risk
riesgos,-2,risks
rigurosa,3,rigorous
rigurosamente,3,rigorously
riguroso,3,rigorous
rió,1,laughed
riqueza,3,wealth
risa,1,laugh
risa,1,laughing
risas,1,laughs
robada,-2,stolen
robado,-2,stolen
robar,-2,rob
robar,-2,steal
robing,-2,robing
robos,-2,steals
robs,-2,robs
robusta,2,robust
robusto,2,robust
rofl,4,rofl
roflcopter,4,roflcopter
roflmaa,4,roflmao
roflmao,4,roflmao
romance,2,romance
rompió,-1,broke
rota,-1,broken
rotfl,4,rotfl
rotflmfaa,4,rotflmfao
rotflmfao,4,rotflmfao
rotflol,4,rotflol
roto,-1,broken
ruda,-3,badass
rudo,-3,badass
ruidosa,-1,noisy
ruidoso,-1,noisy
ruina,-2,ruin
ruina,-2,wreck
ruptura,-2,disruption
saboreanda,2,relishing
saboreando,2,relishing
sabotaje,-2,sabotage
sabrosa,3,yummy
sabroso,3,yummy
saliente,1,salient
saluda,1,greets
saluda,1,greeting
saludable,2,healthy
saludada,1,greeted
saludado,1,greeted
saludar,1,greet
saludas,2,greetings
saludo,1,greeting
saludos,2,greetings
salvada,2,saved
salvado,2,saved
salvar,2,save
salvavidas,4,lifesaver
sangrienta,-3,bloody
sangriento,-3,bloody
sarcástica,-2,sarcastic
sarcástico,-2,sarcastic
satisfecha,3,pleased
satisfecha,2,satisfied
satisfecho,3,pleased
satisfecho,2,satisfied
secuestra,-2,abduction
secuestrada,-2,abducted
secuestrado,-2,abducted
secuestro,-2,abduction
secuestros,-2,abductions
secundaria,1,supporting
secundario,1,supporting
sedición,-2,sedition
sediciosa,-2,seditious
sedicioso,-2,seditious
seducir,-1,seduced
seguidor,1,supporter
segura,1,safe
segura,2,secure
seguridad,1,safety
seguro,1,safe
seguro,2,secure
seguro de sí misma,2,self-confident
seguro de sí mismo,2,self-confident
sensación,1,feeling
sensible,2,responsive
sentencia,-2,sentencing
sentida,3,heartfelt
sentido,3,heartfelt
separada,-1,detached
separado,-1,detached
serena,2,serene
sereno,2,serene
seria,2,earnest
serio,2,earnest
servicial,2,helpful
sexy,3,sexy
shamed,-2,shamed
sí,1,yeah
sí,1,yes
significado,1,significance
significativa,2,meaningful
significativa,1,significant
significativo,2,meaningful
significativo,1,significant
silenciamiento,-1,silencing
simpatía,2,sympathy
simpática,2,sympathetic
simpático,2,sympathetic
simplificado,-2,oversimplified
simplificada,-2,oversimplified
simplificar,-2,oversimplify
sin acreditar,-1,uncredited
sin amor,-2,unloved
sin ánimo,-2,spiritless
sin apoyo,-2,unsupported
sin dientes,-2,toothless
sin encanto,-3,charmless
sin esperanza,-2,hopeless
sin garantía,-2,unsecured
sin igual,2,unequaled
sin inteligencia,-2,unintelligent
sin par,1,unmatched
sin peligro,1,safely
sin sentido,-2,meaningless
sin tacha,2,untarnished
sin valor,-2,worthless
sincera,2,sincerest
sincera,2,sincere
sinceramente,2,sincerely
sinceridad,2,sincerity
sincero,2,sincere
singleminded,-2,singleminded
slickest,2,slickest
smiled,2,smiled
snubbing,-2,snubbing
soborna,-3,bribe
soborno,-3,bribe
sobrecarga,-1,overload
sobrecargar,-2,burdening
sobrepesa,-1,overweight
sobrepeso,-1,overweight
sobrereacciona,-2,overreacts
sobrereaccionar,-2,overreact
sobrerreacción,-2,overreaction
sobresimplifica,-2,oversimplifies
sobresimplificación,-2,oversimplification
sobreviviente,2,surviving
sobreviviente,2,survivor
sobrevivió,2,survived
socava,-2,undermines
socavar,-2,undermine
sofisticada,2,sophisticated
sofisticado,2,sophisticated
sofocada,-1,stifled
sofocado,-1,stifled
sol,2,sunshine
sola,-2,alone
solemne,-1,solemn
sólida,2,solid
solidaridad,2,solidarity
sólido,2,solid
solitaria,-2,lonely
solitaria,-2,lonesome
solitario,-2,lonely
solitario,-2,lonesome
solo,-2,alone
soltar,-1,drop
solución,1,solution
soluciones,1,solutions
sombría,-2,glum
sombría,-2,somber
sombrío,-2,glum
sombrío,-2,somber
sonreír,2,smile
sonriente,2,smiling
sonrisas,2,smiles
soportada,2,supported
soportado,2,supported
soportes,2,supports
sorprende,2,amazes
sorprendida,-2,startled
sorprendido,-2,startled
sosegada,2,restful
sosegado,2,restful
sospecha,-1,suspected
sospechanda,-1,suspecting
sospechando,-1,suspecting
sospechar,-1,suspect
sospechosos,-1,suspects
spammer,-3,spammer
spamming,-2,spamming
squelched,-1,squelched
subestimaciones,-1,underestimates
subestimada,-1,underestimated
subestimado,-1,underestimated
subestimar,-1,underestimate
subsidios,1,grants
subversiva,-2,subversive
subversivo,-2,subversive
sucia,-2,dirty
suciedad,-2,dirt
sucio,-2,dirty
suelta,-3,loose
suelto,-3,loose
sueña,1,dream
sueño,1,dream
sueños,1,dreams
suerte,3,luck
suerte,3,lucky
suficiente,-2,complacent
sufre,-2,suffers
sufrimienta,-2,suffering
sufrimiento,-2,suffering
sufrir,-2,suffer
suicida,-2,suicidal
suicidia,-2,suicide
suicidio,-2,suicide
súper,3,super
superar a,2,outreach
superior,2,superior
suspender,-1,suspend
suspendida,-1,suspended
suspendido,-1,suspended
suspicaz,-2,suspicious
suspira,-2,sigh
suspiro,-2,sigh
susta,-2,fright
susta,-2,scare
sustancial,1,substantial
sustancialmente,1,substantially
susto,-2,fright
susto,-2,scare
tacaña,-2,stingy
tacaño,-2,stingy
tapas,2,tops
tard,-2,tard
tedia,-2,ennui
tedio,-2,ennui
telar,-1,loom
telares,-1,looms
temblante,-2,quaking
temblor,-2,trembling
temblorosa,-2,shaky
tembloroso,-2,shaky
temeraria,2,daredevil
temeraria,-2,reckless
temerario,2,daredevil
temerario,-2,reckless
temerosa,-2,fearful
temeroso,-2,fearful
temible,-2,fearsome
temida,-2,dreaded
temido,-2,dreaded
temienda,-2,dreading
temienda,-2,fearing
temiendo,-2,dreading
temiendo,-2,fearing
temperamental,-1,moody
tensa,-2,uptight
tensión,-1,tension
tenso,-2,uptight
tergiversación,-2,misrepresentation
terrible,-3,dire
terrible,-3,dreadful
terrible,-3,terrible
terriblemente,-3,terribly
terror,-3,terror
tesora,2,treasure
tesoro,2,treasure
tesoros,2,treasures
tetas,-2,tits
tiempa,-2,tense
tiempo,-2,tense
tímida,-2,diffident
tímida,-1,shy
tímida,-2,timid
tímido,-2,diffident
tímido,-1,shy
tímido,-2,timid
timorata,-2,timorous
timorato,-2,timorous
tipa,2,kind
tipo,2,kind
tolerante,2,tolerant
tonta,-3,dumb
tonta,-2,fool
tonta,-2,foolish
tonta,-1,silly
tontas,-2,fools
tonto,-3,dumb
tonto,-2,fool
tonto,-2,foolish
tonto,-1,silly
tontos,-2,fools
torpe,-2,awkward
tortura,-4,torture
tortura,-4,torturing
torturada,-4,tortured
torturado,-4,tortured
torturas,-4,tortures
totalitaria,-2,totalitarian
totalitario,-2,totalitarian
totalitarisma,-2,totalitarianism
totalitarismo,-2,totalitarianism
tragedia,-2,tragedy
trágica,-2,tragic
trágico,-2,tragic
tragona,-5,cocksucker
traición,-3,betrayal
traición,-3,treason
traiciona,-3,betrays
traicionada,-3,betrayed
traicionado,-3,betrayed
traicionar,-3,betray
traicionera,-3,betraying
traicionero,-3,betraying
tramada,-2,dithering
tramado,-2,dithering
trampa,-1,trap
tramposa,-3,cheater
tramposo,-3,cheater
tramposos,-3,cheaters
tramposos,-3,cheats
tranquila,2,tranquil
tranquiliza,1,reassures
tranquilizada,1,reassured
tranquilizado,1,reassured
tranquilizador,2,reassuring
tranquilizar,1,reassure
tranquilo,2,tranquil
trapacera,-3,swindling
trapacero,-3,swindling
trastorna,-2,disorder
trastornada,-2,upset
trastornado,-2,upset
trastornador,-2,upsetting
trastorno,-2,disorder
trastornos,-2,upsets
trauma,-3,trauma
traumática,-3,traumatic
traumático,-3,traumatic
travesura,-1,mischief
treasonous,-3,treasonous
trémula,-2,tremulous
trémulo,-2,tremulous
triste,-2,cheerless
triste,-2,dismal
triste,-2,dreary
triste,-2,joyless
triste,-2,mournful
triste,-2,sad
triste,-2,sorrowful
tristemente,-2,sadly
triunfa,4,triumph
triunfante,4,triumphant
triunfo,4,triumph
tuguria,-1,dump
tugurio,-1,dump
tumba,-2,grave
tumor,-2,tumor
túnica,-2,robed
una vez en la vida,3,once-in-a-lifetime
unida,1,united
unido,1,united
unificada,1,unified
unirse,1,join
unresearched,-2,unresearched
urgente,-1,urgent
útil,2,useful
utilidad,2,usefulness
vacía,-1,emptiness
vacía,-1,empty
vacilante,-2,hesitant
vacilante,-1,wavering
vacilar,-2,hesitate
vacío,-1,emptiness
vacío,-1,empty
vaga,-2,vague
vago,-2,vague
valida,1,validates
validada,1,validated
validado,1,validated
validar,1,validate
validar,1,validating
valiente,2,brave
valiente,2,courageous
valientemente,2,boldly
valor,2,courage
valor,2,worth
vana,-2,wasted
vano,-2,wasted
vejación,-2,vexation
vencida,-2,beaten
vencido,-2,beaten
venena,-2,poison
veneno,-2,poison
venenos,-2,poisons
venganza,-2,revenge
vengativa,-2,revengeful
vengativo,-2,revengeful
ventaja,2,advantage
ventajas,2,advantages
ventilador,3,fan
veredicta,-1,verdict
veredicto,-1,verdict
veredictos,-1,verdicts
vergonzosa,-2,shameful
vergonzoso,-2,shameful
vergüenza,-2,embarrassment
vergüenza,-2,shame
vestíbula,-2,lobby
vestíbulo,-2,lobby
vibrante,3,vibrant
viciosa,-2,vicious
vicioso,-2,vicious
víctima,-2,casualty
víctima,-3,victim
víctimas,-3,victimized
víctimas,-3,victims
víctimas mortales,-3,fatalities
victimiza,-3,victimizes
victimizadora,-3,victimizing
victimizar,-3,victimize
victorias,4,wins
victoriosa,4,winning
victorioso,4,winning
vigilante,3,vigilant
vil,-3,vile
vindicada,2,vindicated
vindicado,2,vindicated
vindicar,2,vindicate
viola,-2,violates
violación,-4,rape
violada,-2,violated
violado,-2,violated
violador,-4,rapist
violar,-2,violate
violar,-2,violating
violencia,-3,violence
violenta,-3,violent
violento,-3,violent
virtuosa,2,virtuous
virtuoso,2,virtuous
virulenta,-2,virulent
virulento,-2,virulent
visión,1,vision
visión,1,visioning
visionaria,3,visionary
visionario,3,visionary
visiones,1,visions
vitalidad,3,vitality
vitamina,1,vitamin
vitriólica,-3,vitriolic
vitriólico,-3,vitriolic
viuda,-1,widowed
viudo,-1,widowed
viva,1,alive
vivaz,3,vivacious
vociferante,-1,vociferous
vulnerabilidad,-2,vulnerability
vulnerable,-2,vulnerable
winwin,3,winwin
ganó,3,won
wooa,4,wooo
woohoa,3,woohoo
woohoo,3,woohoo
wooo,4,wooo
woow,4,woow
wowow,4,wowow
wowww,4,wowww
wtf,-4,wtf
yeees,2,yeees
